{
    "band_to_wavelength": {
        "1": [
            1,
            380.0
        ],
        "2": [
            2,
            389.5067264573991
        ],
        "3": [
            3,
            399.0134529147982
        ],
        "4": [
            4,
            408.52017937219733
        ],
        "5": [
            5,
            418.02690582959644
        ],
        "6": [
            6,
            427.5336322869955
        ],
        "7": [
            7,
            437.0403587443946
        ],
        "8": [
            8,
            446.5470852017937
        ],
        "9": [
            9,
            456.05381165919283
        ],
        "10": [
            10,
            465.56053811659194
        ],
        "11": [
            11,
            475.06726457399105
        ],
        "12": [
            12,
            484.57399103139016
        ],
        "13": [
            13,
            494.0807174887892
        ],
        "14": [
            14,
            503.5874439461884
        ],
        "15": [
            15,
            513.0941704035874
        ],
        "16": [
            16,
            522.6008968609865
        ],
        "17": [
            17,
            532.1076233183857
        ],
        "18": [
            18,
            541.6143497757848
        ],
        "19": [
            19,
            551.1210762331839
        ],
        "20": [
            20,
            560.6278026905829
        ],
        "21": [
            21,
            570.1345291479821
        ],
        "22": [
            22,
            579.6412556053812
        ],
        "23": [
            23,
            589.1479820627803
        ],
        "24": [
            24,
            598.6547085201794
        ],
        "25": [
            25,
            608.1614349775784
        ],
        "26": [
            26,
            617.6681614349776
        ],
        "27": [
            27,
            627.1748878923768
        ],
        "28": [
            28,
            636.6816143497758
        ],
        "29": [
            29,
            646.1883408071749
        ],
        "30": [
            30,
            655.6950672645739
        ],
        "31": [
            31,
            665.2017937219731
        ],
        "32": [
            32,
            674.7085201793723
        ],
        "33": [
            33,
            684.2152466367713
        ],
        "34": [
            34,
            693.7219730941704
        ],
        "35": [
            35,
            703.2286995515695
        ],
        "36": [
            36,
            712.7354260089687
        ],
        "37": [
            37,
            722.2421524663678
        ],
        "38": [
            38,
            731.7488789237668
        ],
        "39": [
            39,
            741.2556053811659
        ],
        "40": [
            40,
            750.762331838565
        ],
        "41": [
            41,
            760.2690582959642
        ],
        "42": [
            42,
            769.7757847533633
        ],
        "43": [
            43,
            779.2825112107623
        ],
        "44": [
            44,
            788.7892376681615
        ],
        "45": [
            45,
            798.2959641255605
        ],
        "46": [
            46,
            807.8026905829597
        ],
        "47": [
            47,
            817.3094170403588
        ],
        "48": [
            48,
            826.8161434977578
        ],
        "49": [
            49,
            836.322869955157
        ],
        "50": [
            50,
            845.8295964125562
        ],
        "51": [
            51,
            855.3363228699552
        ],
        "52": [
            52,
            864.8430493273543
        ],
        "53": [
            53,
            874.3497757847534
        ],
        "54": [
            54,
            883.8565022421525
        ],
        "55": [
            55,
            893.3632286995517
        ],
        "56": [
            56,
            902.8699551569507
        ],
        "57": [
            57,
            912.3766816143498
        ],
        "58": [
            58,
            921.8834080717489
        ],
        "59": [
            59,
            931.390134529148
        ],
        "60": [
            60,
            940.8968609865472
        ],
        "61": [
            61,
            950.4035874439462
        ],
        "62": [
            62,
            959.9103139013454
        ],
        "63": [
            63,
            969.4170403587444
        ],
        "64": [
            64,
            978.9237668161436
        ],
        "65": [
            65,
            988.4304932735427
        ],
        "66": [
            66,
            997.9372197309417
        ],
        "67": [
            67,
            1007.4439461883409
        ],
        "68": [
            68,
            1016.9506726457399
        ],
        "69": [
            69,
            1026.457399103139
        ],
        "70": [
            70,
            1035.9641255605382
        ],
        "71": [
            71,
            1045.4708520179374
        ],
        "72": [
            72,
            1054.9775784753365
        ],
        "73": [
            73,
            1064.4843049327355
        ],
        "74": [
            74,
            1073.9910313901346
        ],
        "75": [
            75,
            1083.4977578475336
        ],
        "76": [
            76,
            1093.0044843049327
        ],
        "77": [
            77,
            1102.5112107623318
        ],
        "78": [
            78,
            1112.017937219731
        ],
        "79": [
            79,
            1121.52466367713
        ],
        "80": [
            80,
            1131.0313901345294
        ],
        "81": [
            81,
            1140.5381165919284
        ],
        "82": [
            82,
            1150.0448430493275
        ],
        "83": [
            83,
            1159.5515695067265
        ],
        "84": [
            84,
            1169.0582959641256
        ],
        "85": [
            85,
            1178.5650224215246
        ],
        "86": [
            86,
            1188.0717488789237
        ],
        "87": [
            87,
            1197.578475336323
        ],
        "88": [
            88,
            1207.085201793722
        ],
        "89": [
            89,
            1216.591928251121
        ],
        "90": [
            90,
            1226.0986547085204
        ],
        "91": [
            91,
            1235.6053811659194
        ],
        "92": [
            92,
            1245.1121076233185
        ],
        "93": [
            93,
            1254.6188340807175
        ],
        "94": [
            94,
            1264.1255605381166
        ],
        "95": [
            95,
            1273.6322869955156
        ],
        "96": [
            96,
            1283.139013452915
        ],
        "97": [
            97,
            1292.645739910314
        ],
        "98": [
            98,
            1302.152466367713
        ],
        "99": [
            99,
            1311.6591928251123
        ],
        "100": [
            100,
            1321.1659192825114
        ],
        "101": [
            101,
            1330.6726457399104
        ],
        "102": [
            102,
            1340.1793721973095
        ],
        "103": [
            103,
            1349.6860986547085
        ],
        "104": [
            104,
            1359.1928251121076
        ],
        "105": [
            105,
            1368.6995515695069
        ],
        "106": [
            106,
            1378.206278026906
        ],
        "107": [
            107,
            1387.713004484305
        ],
        "108": [
            113,
            1397.2197309417043
        ],